state,obstacle_number,latitude,longitude,elevation_agl,elevation_amsl,lighting,marking,type,date
<!,octype ht,l>,,,,,,,
<h,ml class=,noJS no-,"s"" lang=""","n-us""",,,,,
,,,,,,,,,
<,ead>,,,,,,,,
,,,,,,,,,
,,,,,,,,,
,meta char,"et=""utf-",""" />",,,,,,
<s,ript asyn,"src=""ht",ps://www.,oogle,agman,g,r,com/g,ag/js?id
<s,ript>wind,w.dataLa,er = wind,w.dat,Layer,|,,];fun,tion gta
<s,ript>(fun,"tion(w,d","s,l,i){w[",]=w[l,||[];,[,],push(,'gtm.sta
ne,Date().g,"tTime(),",vent:'gtm,js'}),var f,d,g,tElem,ntsByTag
j=,.createEl,"ment(s),",l=l!='dat,Layer,?'&am,;,=,+l:'',j.async=
'h,tps://www,googleta,manager.c,m/gtm,js?id,',i,dl;f.,arentNod
}),"window,do","ument,'s","ript','da",aLaye,"','GT",-,2,M3L2',;
</,cript>,,,,,,,,
<m,"ta name=""",escripti,"n"" conten","=""The",Feder,l,A,iatio,Adminis
,,,,,,,,,
,,,,,,,,,
,,,,,,,,,
,,,,,,,,,
,,,,,,,,,
,,,,,,,,,
<m,"ta name=""",enerator,content=,Drupa,10 (,t,p,://ww,.drupal.
<m,"ta name=""",obileOpt,"mized"" co",tent=,width,,>,,
<m,"ta name=""",andheldF,"iendly"" c",ntent,"""true",,>,,
<m,"ta name=""","iewport""","content=""",idth=,evice,w,d,"h, in",tial-sca
<m,ta http-e,"uiv=""x-u",-compatib,"e"" co",tent=,i,=,"dge""",>
<l,"nk rel=""i","on"" href","""https://",ww.fa,.gov/,h,m,s/cus,om/faa/f
,,,,,,,,,
,,,,,,,,,
,link rel=,styleshe,"t"" media=","all""","ref=""",t,p,://ww,.faa.gov
<l,"nk rel=""s",ylesheet,"media=""a","l"" hr","f=""ht",p,:,/www.,aa.gov/s
<l,"nk rel=""s",ylesheet,"media=""a","l"" hr","f=""ht",p,:,/use.,ontaweso
<l,"nk rel=""s",ylesheet,"media=""a","l"" hr","f=""ht",p,:,/www.,aa.gov/s
<l,"nk rel=""s",ylesheet,"media=""a","l"" hr","f=""//",o,t,.goog,eapis.co
<l,"nk rel=""s",ylesheet,"media=""a","l"" hr","f=""//",o,t,.goog,eapis.co
,,,,,,,,,
,,,,,,,,,
,!-- DAP I,plementa,ion -->,,,,,,
,script as,"nc id=""_",ed_an_ua_,"ag"" s","c=""ht",p,:,/dap.,igitalgo
,script ty,"e=""appli",ation/jso,""" dat",-drup,l,s,lecto,"=""drupal"
<s,ript src=,https://,ww.faa.go,/site,/faa.,o,/,iles/,s/js_4nJ
,,,,,,,,,
<m,"ta name=""",tandalon,""" content","""stan",alone,>,,,
,,,,,,,,,
,,,,,,,,,
,title>Dig,tal Obst,cle File,DOF)<,title,,,,
,,,,,,,,,
,,,,,,,,,
,<meta na,"e=""dcter",s.modifie,""" con","ent=""",0,1,02-08,14:04:52
,,,,,,,,,
,<meta nam,"=""dcterm",".type"" co",tent=,templ,t,"""",,
,,,,,,,,,
,,,,,,,,,
,script>do,ument.do,umentElem,nt.cl,ssNam,=,j,';</s,ript>
,,,,,,,,,
,,,,,,,,,
,link rel=,styleshe,"t"" href=""",ttps:,/cdnj,.,l,udfla,e.com/aj
,link rel=,styleshe,"t"" href=""",templ,tes/6,a,s,ts/cs,/main.cs
,,,,,,,,,
,,,,,,,,,
,,,,,,,,,
,,,,,,,,,
,,,,,,,,,
,meta name,"""format-","etection""",conte,"t=""te",e,h,ne=no,>
,,,,,,,,,
,,,,,,,,,
,meta name,"""theme-c","lor"" cont","nt=""#",a2245,>,,,
,,,,,,,,,
,,,,,,,,,
<,"ink rel=""",tyleshee,""" href=""/",ir_tr,ffic/,l,g,t_inf,/aeronav
,,,,,,,,,
,,,,,,,,,
<,tyle>,,,,,,,,
,media (mi,-width:,30px) {,,,,,,
,td:not(:f,rst-chil,) { white,space,nowr,p,,,
,,,,,,,,,
<,style>,,,,,,,,
,,,,,,,,,
<,head>,,,,,,,,
,,,,,,,,,
<,ody>,,,,,,,,
,,,,,,,,,
,,,,,,,,,
<,"class=""v",suallyHi,"den"" href","""#con","ent"">",k,p,to pa,e conten
,,,,,,,,,
,,,,,,,,,
,,,,,,,,,
<a,ide class,"""pageMes","ages"">",,,,,,
<,iv class=,template,"ontainer""",,,,,,
,,,,,,,,,
,,,,,,,,,
<,div>,,,,,,,,
</,side>,,,,,,,,
,,,,,,,,,
,,,,,,,,,
,,,,,,,,,
<n,script>Pl,ase enab,e JavaScr,pt to,use t,i,,ite.<,noscript
<!,- <a href,"""#main-c","ntent"" cl","ss=""v",suall,-,i,den f,cusable
<a,"href=""#ma","n"" class","""sr-only",ocusa,le sk,p,l,"nk"">",
,kip to ma,n conten,,,,,,,
</,>,,,,,,,,
<n,script><i,rame src,"""https://",ww.go,gleta,m,n,ger.c,m/ns.htm
</,oscript>,,,,,,,,
,div class,"""dialog-",ff-canvas,main-,anvas,,a,a-off,canvas-m
,<div id=,page-wra,"per"" clas","=""pag",-wrap,e,"""",,
,"div id=""p","ge"" clas","=""page"">",,,,,,
,,,,,,,,,
<,ection cl,"ss=""usa-","anner"">",,,,,,
,h1 class=,"sr-only""",USA Banne,</h1>,,,,,
,div class,"""usa-ban",er-inner,ontai,"er"">",,,,
,<div cla,"s=""row"">",,,,,,,
,<div c,"ass=""usa",accordion,"col""","d=""ac",o,d,"on"">",
,<hea,er class,"""usa-bann",r-hea,"er"" i",=,h,ading,"ne"">"
,<d,v aria-c,"ntrols=""c",llaps,"One""",r,a,expan,"ed=""fals"
,,div clas,"=""usa-ban",er-gu,dance,g,v,usa-w,dth-one-
,,<div cl,"ss=""usa-m",dia_b,ock-i,o,"""",,
,,<img,"lass=""usa",banne,-flag,,r,"=""htt",s://www.
,,</div>,,,,,,,
,,<div cl,"ss=""usa-m",dia_b,ock-b,d,"""",,
,,<p>An,official,ebsit,of t,e,U,ited,tates go
,,</div>,,,,,,,
,,/div>,,,,,,,
,</,iv>,,,,,,,
,</he,der>,,,,,,,
,<div,"class=""u",a-banner-,onten,cont,i,e,""">",
,<d,v aria-l,belledby=,headi,"gOne""",c,a,"s=""co",lapse ro
,,div clas,"=""usa-ban",er-gu,dance,g,v,usa-w,dth-one-
,,<div cl,"ss=""usa-m",dia_b,ock-i,o,"""",,
,,<img,"lass=""usa",banne,-icon,,r,"=""htt",s://www.
,,</div>,,,,,,,
,,<div cl,"ss=""usa-m",dia_b,ock-b,d,"""",,
,,<p><s,all><stro,g>Off,cial,e,s,tes u,e .gov</
,,</div>,,,,,,,
,,/div>,,,,,,,
,,div clas,"=""usa-ban",er-gu,dance,s,l,usa-w,dth-one-
,,<div cl,"ss=""usa-m",dia_b,ock-i,o,"""",,
,,<img,"lass=""usa",banne,-icon,,r,"=""htt",s://www.
,,</div>,,,,,,,
,,<div cl,"ss=""usa-m",dia_b,ock-b,d,"""",,
,,<p><s,all><stro,g>Sec,re .g,v,w,bsite,use HTT
,,A <,trong>loc,</str,ng> (,<,p,n cla,"s=""icon-"
,,</sma,l></p>,,,,,,
,,</div>,,,,,,,
,,/div>,,,,,,,
,</,iv>,,,,,,,
,</di,>,,,,,,,
,</div>,,,,,,,,
,</div>,,,,,,,,
,/div>,,,,,,,,
</,ection>,,,,,,,,
,,,,,,,,,
,<div cla,"s=""regio",region-s,te-no,ifica,i,n,>,
,,,,,,,,,
,<div cla,"s=""block",block--si,e-not,ficat,o,,lock-,emergenc
,<div,,,,,,,,
,<div cla,"s=""conta",ner messa,e mes,age--,t,t,s nod,--type-s
</,mall>,,,,,,,,
</,iv>,,,,,,,,
,/div>,,,,,,,,
,,,,,,,,,
,,,,,,,,,
,,,,,,,,,
,/div>,,,,,,,,
,,,,,,,,,
,<d,v class=,block blo,k--si,e-not,f,c,tion,lock--wa
,,,,,,,,,
,,,,,,,,,
,,,,,,,,,
,</div>,,,,,,,,
,,,,,,,,,
,/div>,,,,,,,,
,,,,,,,,,
<,iv class=,dot-ribb,"n"">",,,,,,
,div class,"""contain","r"">",,,,,,
,<svg vie,"Box=""0 0",35.82 37.,"""><de",s><st,l,>,cls-1,fill:#FF
,<a href=,https://,ww.transp,rtati,n.gov,>,n,ted S,ates Dep
,/div>,,,,,,,,
</,iv>,,,,,,,,
,,,,,,,,,
<h,"ader id=""","eader"" c","ass=""head",r sit,-head,r,s,te-ma,thead bg
,,,,,,,,,
<,iv class=,containe,px-0 px-,"l-3"">",,,,,
,,,,,,,,,
,<nav clas,"=""navbar",navbar-ex,and-x,""" id=",n,v,ar-ma,"n"">"
,,,,,,,,,
,,,,,,,,,
,<di,"class=""",ow no-gut,ers m,-xl-n,"""",,,
,,,,,,,,,
,<,iv class,"""wrapper_",logo,ol-12,c,l,xl-1,x-3 px-x
,,<div cla,"s=""row"">",,,,,,
,,<div c,"ass=""col-",0 col,xl-12,a,i,n-sel,-start o
,,,,,,a,h,"ef=""h",tps://ww
,,<img sr,"=""https:/",www.f,a.gov,t,e,es/cu,tom/faa/
,,,,,,,,,
,</a>,,,,,,,,
,,,,,,,,,
,,,,,,,,,
,,,,</div,,,,,
,,<div c,"ass=""col-",d-xl,none,l,g,-self,center o
,,<but,on class=,navba,-togg,e,,avbar,toggler-
,,<s,an class=,navba,-togg,e,-,con b,"rs""></sp"
,,</bu,ton>,,,,,,
,,</div>,,,,,,,
,,</div>,,,,,,,
,,,,,,,,,
,<,div>,,,,,,,
,,,,,,,,,
,<,iv class,"""wrapper_",navig,tion,o,-,2 col,xl-11 px
,,,,,,,,,
,,,<di,clas,"=""col",a,s,navb,r-collap
,,<div,"class=""ro",no-g,tters,>,,,
,,,,,,,,,
,,,,,<di,,l,"ss=""s",condary_
,,,<secti,n cla,"s=""re",i,n,regio,-seconda
,<nav a,ia-label,"edby=""blo",k-sec,ndary,a,i,ation,"menu"" id"
,,,,,,,,,
,h2 class=,"sr-only""","id=""block",secon,aryna,i,a,ion-m,"nu"">Seco"
,,,,,,,,,
,,,,,,,,,
,,,,,,,,,
,,<,"l id=""blo",k-sec,ndary,a,i,ation,"block="""
,,<,"i class=""",av-it,"m"">",,,,
,,<a hr,"f=""https:",/www.,aa.go,/,b,"ut/""","lass=""na"
,,</li>,,,,,,,
,,<li c,"ass=""nav-","tem"">",,,,,
,,<a hr,"f=""https:",/www.,aa.go,/,o,"s/"" c","ass=""nav"
,,</li>,,,,,,,
,,<li c,"ass=""nav-","tem"">",,,,,
,,<a hr,"f=""https:",/www.,aa.go,/,e,sroom,"class="""
,,</li>,,,,,,,
,</ul,,,,,,,,
,,,,,,,,,
,,,,,,,,,
,,,,,,,,,
,/nav>,,,,,,,,
,,,,,,,,,
,/section>,,,,,,,,
,,,,,,,,,
,,,/div>,,,,,,
,,,,,,,,,<di
,,,<secti,n cla,"s=""re",i,n,regio,-header-
,<div id=,block-fa,-searchgo,""" cla","s=""bl",c,,lock-,ixed-blo
,,,,,,,,,
,,,,,,,,,
,<div c,"ass=""con","ent"">",,,,,,
,,,,,,,,,
,,div clas,"=""clearfi",text,forma,t,d,field,field--n
<f,rm accept,charset=,"UTF-8"" ac","ion=""",ttps:,/,e,rch.u,a.gov/se
<f,eldset cl,"ss=""form",type-sear,h for,-no-l,b,l,form-,roup for
<d,"v style=""",argin:0;,adding:0;,ispla,:inli,e,>,input,"name=""ut"
<i,"put id=""a","filiate""","name=""aff",liate,type,"""",i,"den""","alue=""do"
</,orm>,,,,,,,,
</,iv>,,,,,,,,
</,iv>,,,,,,,,
,,,,,,,,,
,</div>,,,,,,,,
,/div>,,,,,,,,
,,,,,,,,,
,/section>,,,,,,,,
,,,,,,,,,
,,,/div>,,,,,,
,,,,,,,,,
,,</di,>,,,,,,
,,<div,"class=""ro",no-g,tters,>,,,
,,,,,,,,,
,,,,,<di,,l,"ss=""p",imary_me
,,,<nav a,ia-la,elled,y,"""",lock-,ltimenu-
,,,,,,,,,
,h2 class=,"sr-only""","id=""block",ultim,nu-ma,n,n,vigat,"on-menu"""
,,,,,,,,,
,,,,,,,,,
,<ul,"d=""ultim","nu-main""",ata-u,timen,=,m,"in"" c","ass=""ult"
,,<sectio,"class=""u",timen,__reg,o,,egion,region--
,<nav a,ia-label,"edby=""blo",k-sub,av-ai,c,a,t-1-m,"nu"" id="""
,,,,,,,,,
,h2 class=,"sr-only""","id=""block",subna,-airc,a,t,1-men,""">Subnav"
,,,,,,,,,
,,,,,,,,,
,,,,,,,,,
,,<ul id=,block-sub,av-ai,craft,1,,lock=,block-su
,,<,"i class=""",av-it,m fon,-,e,ght-n,rmal tex
,,<a hr,"f=""https:",/www.,aa.go,/,i,craft,air_cert
,,</li>,,,,,,,
,,<li c,"ass=""nav-",tem f,nt-we,g,t,norma,text-tr
,,<a hr,"f=""https:",/www.,aa.go,/,i,craft,draft_do
,,</li>,,,,,,,
,,<li c,"ass=""nav-",tem f,nt-we,g,t,norma,text-tr
,,<a hr,"f=""https:",/www.,aa.go,/,i,enses,certific
,,</li>,,,,,,,
,</ul,,,,,,,,
,,,,,,,,,
,,,,,,,,,
,,,,,,,,,
,/nav>,,,,,,,,
,nav aria-,abelledb,"=""block-s",bnav-,ircra,t,2,"menu""","id=""bloc"
,,,,,,,,,
,h2 class=,"sr-only""","id=""block",subna,-airc,a,t,2-men,""">Subnav"
,,,,,,,,,
,,,,,,,,,
,,,,,,,,,
,,<ul id=,block-sub,av-ai,craft,2,,lock=,block-su
,,<,"i class=""",av-it,m fon,-,e,ght-n,rmal tex
,,<a hr,"f=""https:",/www.,aa.go,/,i,craft,"safety/"""
,,</li>,,,,,,,
,,<li c,"ass=""nav-",tem f,nt-we,g,t,norma,text-tr
,,<a hr,"f=""https:",/www.,aa.go,/,i,craft,"gen_av/"""
,,</li>,,,,,,,
,,<li c,"ass=""nav-",tem f,nt-we,g,t,norma,text-tr
,,<a hr,"f=""https:",/www.,aa.go,/,i,craft,"repair/"""
,,</li>,,,,,,,
,,<li c,"ass=""nav-",tem f,nt-we,g,t,norma,text-tr
,,<a hr,"f=""https:",/www.,aa.go,/,i,enses,certific
,,</li>,,,,,,,
,</ul,,,,,,,,
,,,,,,,,,
,,,,,,,,,
,,,,,,,,,
,/nav>,,,,,,,,
,,,,,,,,,
,/section>,,,,,,,,
,,,,,,,,,
,</,ection><,li><li cl,"ss=""u",timen,_,i,em ui,em has-u
,,<sectio,"class=""u",timen,__reg,o,,egion,region--
,<nav a,ia-label,"edby=""blo",k-sub,av-ai,t,a,fic-1,"menu"" id"
,,,,,,,,,
,h2 class=,"sr-only""","id=""block",subna,-airt,a,f,c-1-m,"nu"">Subn"
,,,,,,,,,
,,,,,,,,,
,,,,,,,,,
,,<ul id=,block-sub,av-ai,traff,c,1,bloc,"=""block-"
,,<,"i class=""",av-it,m fon,-,e,ght-n,rmal tex
,,<a hr,"f=""https:",/www.,aa.go,/,i,_traf,ic/by_th
,,</li>,,,,,,,
,,<li c,"ass=""nav-",tem f,nt-we,g,t,norma,text-tr
,,<a hr,"f=""https:",/www.,aa.go,/,i,_traf,ic/envir
,,</li>,,,,,,,
,,<li c,"ass=""nav-",tem f,nt-we,g,t,norma,text-tr
,,<a hr,"f=""https:",/www.,aa.go,/,i,_traf,ic/commu
,,</li>,,,,,,,
,,<li c,"ass=""nav-",tem f,nt-we,g,t,norma,text-tr
,,<a hr,"f=""https:",/www.,aa.go,/,i,_traf,ic/fligh
,,</li>,,,,,,,
,,<li c,"ass=""nav-",tem f,nt-we,g,t,norma,text-tr
,,<a hr,"f=""https:",/www.,aa.go,/,i,_traf,ic/inter
,,</li>,,,,,,,
,,<li c,"ass=""nav-",tem f,nt-we,g,t,norma,text-tr
,,<a hr,"f=""https:",/www.,aa.go,/,i,_traf,"ic/nas/"""
,,</li>,,,,,,,
,</ul,,,,,,,,
,,,,,,,,,
,,,,,,,,,
,,,,,,,,,
,/nav>,,,,,,,,
,nav aria-,abelledb,"=""block-s",bnava,rtraf,i,2,"menu""","id=""bloc"
,,,,,,,,,
,h2 class=,"sr-only""","id=""block",subna,airtr,f,i,2-men,""">Subnav"
,,,,,,,,,
,,,,,,,,,
,,,,,,,,,
,,<ul id=,block-sub,avair,raffi,2,,lock=,block-su
,,<,"i class=""",av-it,m fon,-,e,ght-n,rmal tex
,,<a hr,"f=""https:",/www.,aa.go,/,e,tgen/,"class="""
,,</li>,,,,,,,
,,<li c,"ass=""nav-",tem f,nt-we,g,t,norma,text-tr
,,<a hr,"f=""https:",/www.,aa.go,/,i,_traf,ic/obstr
,,</li>,,,,,,,
,,<li c,"ass=""nav-",tem f,nt-we,g,t,norma,text-tr
,,<a hr,"f=""https:",/www.,aa.go,/,i,_traf,ic/publi
,,</li>,,,,,,,
,,<li c,"ass=""nav-",tem f,nt-we,g,t,norma,text-tr
,,<a hr,"f=""https:",/www.,aa.go,/,i,_traf,ic/separ
,,</li>,,,,,,,
,,<li c,"ass=""nav-",tem f,nt-we,g,t,norma,text-tr
,,<a hr,"f=""https:",/www.,aa.go,/,i,_traf,ic/techn
,,</li>,,,,,,,
,,<li c,"ass=""nav-",tem f,nt-we,g,t,norma,text-tr
,,<a hr,"f=""https:",/www.,aa.go,/,i,_traf,ic/weath
,,</li>,,,,,,,
,</ul,,,,,,,,
,,,,,,,,,
,,,,,,,,,
,,,,,,,,,
,/nav>,,,,,,,,
,,,,,,,,,
,/section>,,,,,,,,
,,,,,,,,,
,</,ection><,li><li cl,"ss=""u",timen,_,i,em ui,em has-u
,,<sectio,"class=""u",timen,__reg,o,,egion,region--
,<nav a,ia-label,"edby=""blo",k-sub,av-ai,p,r,s-1-m,"nu"" id="""
,,,,,,,,,
,h2 class=,"sr-only""","id=""block",subna,-airp,r,s,1-men,""">Subnav"
,,,,,,,,,
,,,,,,,,,
,,,,,,,,,
,,<ul id=,block-sub,av-ai,ports,1,,lock=,block-su
,,<,"i class=""",av-it,m fon,-,e,ght-n,rmal tex
,,<a hr,"f=""https:",/www.,aa.go,/,i,ports,"acrp/"" c"
,,</li>,,,,,,,
,,<li c,"ass=""nav-",tem f,nt-we,g,t,norma,text-tr
,,<a hr,"f=""https:",/www.,aa.go,/,i,ports,"aip/"" cl"
,,</li>,,,,,,,
,,<li c,"ass=""nav-",tem f,nt-we,g,t,norma,text-tr
,,<a hr,"f=""https:",/www.,aa.go,/,i,ports,airport_
,,</li>,,,,,,,
,,<li c,"ass=""nav-",tem f,nt-we,g,t,norma,text-tr
,,<a hr,"f=""https:",/www.,aa.go,/,i,ports,airport_
,,</li>,,,,,,,
,,<li c,"ass=""nav-",tem f,nt-we,g,t,norma,text-tr
,,<a hr,"f=""https:",/www.,aa.go,/,i,ports,airport_
,,</li>,,,,,,,
,,<li c,"ass=""nav-",tem f,nt-we,g,t,norma,text-tr
,,<a hr,"f=""https:",/www.,aa.go,/,i,ports,airport_
,,</li>,,,,,,,
,,<li c,"ass=""nav-",tem f,nt-we,g,t,norma,text-tr
,,<a hr,"f=""https:",/www.,aa.go,/,i,ports,cares_ac
,,</li>,,,,,,,
,,<li c,"ass=""nav-",tem f,nt-we,g,t,norma,text-tr
,,<a hr,"f=""https:",/www.,aa.go,/,i,ports,"crrsaa/"""
,,</li>,,,,,,,
,</ul,,,,,,,,
,,,,,,,,,
,,,,,,,,,
,,,,,,,,,
,/nav>,,,,,,,,
,nav aria-,abelledb,"=""block-s",bnav-,irpor,s,2,"menu""","id=""bloc"
,,,,,,,,,
,h2 class=,"sr-only""","id=""block",subna,-airp,r,s,2-men,""">Subnav"
,,,,,,,,,
,,,,,,,,,
,,,,,,,,,
,,<ul id=,block-sub,av-ai,ports,2,,lock=,block-su
,,<,"i class=""",av-it,m fon,-,e,ght-n,rmal tex
,,<a hr,"f=""https:",/www.,aa.go,/,i,ports,engineer
,,</li>,,,,,,,
,,<li c,"ass=""nav-",tem f,nt-we,g,t,norma,text-tr
,,<a hr,"f=""https:",/www.,aa.go,/,i,ports,environm
,,</li>,,,,,,,
,,<li c,"ass=""nav-",tem f,nt-we,g,t,norma,text-tr
,,<a hr,"f=""https:",/www.,aa.go,/,i,ports,news_inf
,,</li>,,,,,,,
,,<li c,"ass=""nav-",tem f,nt-we,g,t,norma,text-tr
,,<a hr,"f=""https:",/www.,aa.go,/,i,ports,"pfc/"" cl"
,,</li>,,,,,,,
,,<li c,"ass=""nav-",tem f,nt-we,g,t,norma,text-tr
,,<a hr,"f=""https:",/www.,aa.go,/,i,ports,planning
,,</li>,,,,,,,
,,<li c,"ass=""nav-",tem f,nt-we,g,t,norma,text-tr
,,<a hr,"f=""https:",/www.,aa.go,/,i,ports,resource
,,</li>,,,,,,,
,,<li c,"ass=""nav-",tem f,nt-we,g,t,norma,text-tr
,,<a hr,"f=""https:",/www.,aa.go,/,i,ports,regions/
,,</li>,,,,,,,
,,<li c,"ass=""nav-",tem f,nt-we,g,t,norma,text-tr
,,<a hr,"f=""https:",/www.,aa.go,/,i,ports,runway_s
,,</li>,,,,,,,
,,<li c,"ass=""nav-",tem f,nt-we,g,t,norma,text-tr
,,<a hr,"f=""https:",/www.,aa.go,/,i,ports,safety-v
,,</li>,,,,,,,
,</ul,,,,,,,,
,,,,,,,,,
,,,,,,,,,
,,,,,,,,,
,/nav>,,,,,,,,
,,,,,,,,,
,/section>,,,,,,,,
,,,,,,,,,
,</,ection><,li><li cl,"ss=""u",timen,_,i,em ui,em has-u
,,<sectio,"class=""u",timen,__reg,o,,egion,region--
,<nav a,ia-label,"edby=""blo",k-sub,av-ai,m,n,1-men,""" id=""bl"
,,,,,,,,,
,h2 class=,"sr-only""","id=""block",subna,-airm,n,1,"menu""",Subnav:
,,,,,,,,,
,,,,,,,,,
,,,,,,,,,
,,<ul id=,block-sub,av-ai,men-1,,l,"ck=""b",ock-subn
,,<,"i class=""",av-it,m fon,-,e,ght-n,rmal tex
,,<a hr,"f=""https:",/www.,aa.go,/,i,ots/a,elocator
,,</li>,,,,,,,
,,<li c,"ass=""nav-",tem f,nt-we,g,t,norma,text-tr
,,<a hr,"f=""https:",/www.,aa.go,/,i,ots/b,"come/"" c"
,,</li>,,,,,,,
,,<li c,"ass=""nav-",tem f,nt-we,g,t,norma,text-tr
,,<a hr,"f=""https:",/www.,aa.go,/,i,ots/i,"tl/"" cla"
,,</li>,,,,,,,
,,<li c,"ass=""nav-",tem f,nt-we,g,t,norma,text-tr
,,<a hr,"f=""https:",/www.,aa.go,/,i,ots/l,"c_cert/"""
,,</li>,,,,,,,
,,<li c,"ass=""nav-",tem f,nt-we,g,t,norma,text-tr
,,<a hr,"f=""https:",/www.,aa.go,/,i,ots/m,dical_ce
,,</li>,,,,,,,
,</ul,,,,,,,,
,,,,,,,,,
,,,,,,,,,
,,,,,,,,,
,/nav>,,,,,,,,
,nav aria-,abelledb,"=""block-s",bnav-,irmen,2,m,"nu"" i","=""block-"
,,,,,,,,,
,h2 class=,"sr-only""","id=""block",subna,-airm,n,2,"menu""",Subnav:
,,,,,,,,,
,,,,,,,,,
,,,,,,,,,
,,<ul id=,block-sub,av-ai,men-2,,l,"ck=""b",ock-subn
,,<,"i class=""",av-it,m fon,-,e,ght-n,rmal tex
,,<a hr,"f=""https:",/www.,aa.go,/,a,steam,"class="""
,,</li>,,,,,,,
,,<li c,"ass=""nav-",tem f,nt-we,g,t,norma,text-tr
,,<a hr,"f=""https:",/www.,aa.go,/,e,hanic,""" class="
,,</li>,,,,,,,
,,<li c,"ass=""nav-",tem f,nt-we,g,t,norma,text-tr
,,<a hr,"f=""https:",/www.,aa.go,/,t,er_vi,it/aviat
,,</li>,,,,,,,
,,<li c,"ass=""nav-",tem f,nt-we,g,t,norma,text-tr
,,<a hr,"f=""https:",/www.,aa.go,/,i,enses,certific
,,</li>,,,,,,,
,,<li c,"ass=""nav-",tem f,nt-we,g,t,norma,text-tr
,,<a hr,"f=""https:",/www.,aa.go,/,r,ining,"testing"""
,,</li>,,,,,,,
,,<li c,"ass=""nav-",tem f,nt-we,g,t,norma,text-tr
,,<a hr,"f=""https:",/www.,aa.go,/,l,ght_d,"ck"" clas"
,,</li>,,,,,,,
,</ul,,,,,,,,
,,,,,,,,,
,,,,,,,,,
,,,,,,,,,
,/nav>,,,,,,,,
,,,,,,,,,
,/section>,,,,,,,,
,,,,,,,,,
,</,ection><,li><li cl,"ss=""u",timen,_,i,em ui,em has-u
,,<sectio,"class=""u",timen,__reg,o,,egion,region--
,<nav a,ia-label,"edby=""blo",k-sub,av-da,a,r,searc,"-1-menu"""
,,,,,,,,,
,h2 class=,"sr-only""","id=""block",subna,-data,r,s,arch-,"-menu"">S"
,,,,,,,,,
,,,,,,,,,
,,,,,,,,,
,,<ul id=,block-sub,av-da,a-res,a,c,"-1"" b","ock=""blo"
,,<,"i class=""",av-it,m fon,-,e,ght-n,rmal tex
,,<a hr,"f=""https:",/www.,aa.go,/,a,a_res,arch/acc
,,</li>,,,,,,,
,,<li c,"ass=""nav-",tem f,nt-we,g,t,norma,text-tr
,,<a hr,"f=""https:",/www.,aa.go,/,a,a_res,arch/avi
,,</li>,,,,,,,
,,<li c,"ass=""nav-",tem f,nt-we,g,t,norma,text-tr
,,<a hr,"f=""https:",/www.,aa.go,/,a,a_res,arch/avi
,,</li>,,,,,,,
,,<li c,"ass=""nav-",tem f,nt-we,g,t,norma,text-tr
,,<a hr,"f=""https:",/www.,aa.go,/,a,a_res,arch/com
,,</li>,,,,,,,
,,<li c,"ass=""nav-",tem f,nt-we,g,t,norma,text-tr
,,<a hr,"f=""https:",/www.,aa.go,/,c,nomic,"impact"""
,,</li>,,,,,,,
,</ul,,,,,,,,
,,,,,,,,,
,,,,,,,,,
,,,,,,,,,
,/nav>,,,,,,,,
,nav aria-,abelledb,"=""block-s",bnav-,ata-r,s,a,ch-2-,"enu"" id="
,,,,,,,,,
,h2 class=,"sr-only""","id=""block",subna,-data,r,s,arch-,"-menu"">S"
,,,,,,,,,
,,,,,,,,,
,,,,,,,,,
,,<ul id=,block-sub,av-da,a-res,a,c,"-2"" b","ock=""blo"
,,<,"i class=""",av-it,m fon,-,e,ght-n,rmal tex
,,<a hr,"f=""https:",/www.,aa.go,/,a,a_res,arch/fun
,,</li>,,,,,,,
,,<li c,"ass=""nav-",tem f,nt-we,g,t,norma,text-tr
,,<a hr,"f=""https:",/www.,aa.go,/,a,a_res,arch/pas
,,</li>,,,,,,,
,,<li c,"ass=""nav-",tem f,nt-we,g,t,norma,text-tr
,,<a hr,"f=""https:",/www.,aa.go,/,a,a_res,arch/res
,,</li>,,,,,,,
,,<li c,"ass=""nav-",tem f,nt-we,g,t,norma,text-tr
,,<a hr,"f=""https:",/www.,aa.go,/,a,a_res,arch/saf
,,</li>,,,,,,,
,,<li c,"ass=""nav-",tem f,nt-we,g,t,norma,text-tr
,,<a hr,"f=""https:",/www.,aa.go,/,a,a_res,arch/lib
,,</li>,,,,,,,
,</ul,,,,,,,,
,,,,,,,,,
,,,,,,,,,
,,,,,,,,,
,/nav>,,,,,,,,
,,,,,,,,,
,/section>,,,,,,,,
,,,,,,,,,
,</,ection><,li><li cl,"ss=""u",timen,_,i,em ui,em has-u
,,<sectio,"class=""u",timen,__reg,o,,egion,region--
,<nav a,ia-label,"edby=""blo",k-sub,av-re,u,a,ions-,"-menu"" i"
,,,,,,,,,
,h2 class=,"sr-only""","id=""block",subna,-regu,a,i,ns-1-,"enu"">Sub"
,,,,,,,,,
,,,,,,,,,
,,,,,,,,,
,,<ul id=,block-sub,av-re,ulati,n,-,""" blo","k=""block"
,,<,"i class=""",av-it,m fon,-,e,ght-n,rmal tex
,,<a hr,"f=""https:",/www.,aa.go,/,e,ulati,ns_polic
,,</li>,,,,,,,
,,<li c,"ass=""nav-",tem f,nt-we,g,t,norma,text-tr
,,<a hr,"f=""https:",/www.,aa.go,/,e,ulati,ns_polic
,,</li>,,,,,,,
,,<li c,"ass=""nav-",tem f,nt-we,g,t,norma,text-tr
,,<a hr,"f=""https:",/www.,aa.go,/,e,ulati,ns_polic
,,</li>,,,,,,,
,,<li c,"ass=""nav-",tem f,nt-we,g,t,norma,text-tr
,,<a hr,"f=""https:",/www.,aa.go,/,o,"ms"" c","ass=""nav"
,,</li>,,,,,,,
,,<li c,"ass=""nav-",tem f,nt-we,g,t,norma,text-tr
,,<a hr,"f=""https:",/www.,aa.go,/,e,ulati,ns_polic
,,</li>,,,,,,,
,,<li c,"ass=""nav-",tem f,nt-we,g,t,norma,text-tr
,,<a hr,"f=""https:",/www.,aa.go,/,e,ulati,ns_polic
,,</li>,,,,,,,
,</ul,,,,,,,,
,,,,,,,,,
,,,,,,,,,
,,,,,,,,,
,/nav>,,,,,,,,
,nav aria-,abelledb,"=""block-s",bnav-,egula,i,n,-2-me,"u"" id=""b"
,,,,,,,,,
,h2 class=,"sr-only""","id=""block",subna,-regu,a,i,ns-2-,"enu"">Sub"
,,,,,,,,,
,,,,,,,,,
,,,,,,,,,
,,<ul id=,block-sub,av-re,ulati,n,-,""" blo","k=""block"
,,<,"i class=""",av-it,m fon,-,e,ght-n,rmal tex
,,<a hr,"f=""https:",/www.,aa.go,/,e,ulati,ns_polic
,,</li>,,,,,,,
,,<li c,"ass=""nav-",tem f,nt-we,g,t,norma,text-tr
,,<a hr,"f=""https:",/www.,aa.go,/,e,ulati,ns_polic
,,</li>,,,,,,,
,,<li c,"ass=""nav-",tem f,nt-we,g,t,norma,text-tr
,,<a hr,"f=""https:",/www.,aa.go,/,e,ulati,ns_polic
,,</li>,,,,,,,
,,<li c,"ass=""nav-",tem f,nt-we,g,t,norma,text-tr
,,<a hr,"f=""https:",/tfr.,aa.go,/,,lass=,nav-link
,,</li>,,,,,,,
,,<li c,"ass=""nav-",tem f,nt-we,g,t,norma,text-tr
,,<a hr,"f=""https:",/pilo,web.n,s,f,a.gov,PilotWeb
,,</li>,,,,,,,
,</ul,,,,,,,,
,,,,,,,,,
,,,,,,,,,
,,,,,,,,,
,/nav>,,,,,,,,
,,,,,,,,,
,/section>,,,,,,,,
,,,,,,,,,
,</,ection><,li><li cl,"ss=""u",timen,_,i,em ui,em has-u
,,<sectio,"class=""u",timen,__reg,o,,egion,region--
,<nav a,ia-label,"edby=""blo",k-sub,av-sp,c,-,-menu,"id=""blo"
,,,,,,,,,
,h2 class=,"sr-only""","id=""block",subna,-spac,-,-,"enu"">",ubnav: S
,,,,,,,,,
,,,,,,,,,
,,,,,,,,,
,,<ul id=,block-sub,av-sp,"ce-1""",b,o,"k=""bl",ck-subna
,,<,"i class=""",av-it,m fon,-,e,ght-n,rmal tex
,,<a hr,"f=""https:",/www.,aa.go,/,b,ut/of,ice_org/
,,</li>,,,,,,,
,,<li c,"ass=""nav-",tem f,nt-we,g,t,norma,text-tr
,,<a hr,"f=""https:",/www.,aa.go,/,p,ce/ca,"eers"" cl"
,,</li>,,,,,,,
,,<li c,"ass=""nav-",tem f,nt-we,g,t,norma,text-tr
,,<a hr,"f=""https:",/www.,aa.go,/,p,ce/li,"enses"" c"
,,</li>,,,,,,,
,,<li c,"ass=""nav-",tem f,nt-we,g,t,norma,text-tr
,,<a hr,"f=""https:",/www.,aa.go,/,p,ce/re,ources_a
,,</li>,,,,,,,
,,<li c,"ass=""nav-",tem f,nt-we,g,t,norma,text-tr
,,<a hr,"f=""https:",/www.,aa.go,/,p,ce/le,islation
,,</li>,,,,,,,
,,<li c,"ass=""nav-",tem f,nt-we,g,t,norma,text-tr
,,<a hr,"f=""https:",/www.,aa.go,/,p,ce/en,ironment
,,</li>,,,,,,,
,,<li c,"ass=""nav-",tem f,nt-we,g,t,norma,text-tr
,,<a hr,"f=""https:",/www.,aa.go,/,p,ce/of,ice_spac
,,</li>,,,,,,,
,</ul,,,,,,,,
,,,,,,,,,
,,,,,,,,,
,,,,,,,,,
,/nav>,,,,,,,,
,nav aria-,abelledb,"=""block-s",bnav-,pace-,-,e,"u"" id","""block-s"
,,,,,,,,,
,h2 class=,"sr-only""","id=""block",subna,-spac,-,-,"enu"">",ubnav: S
,,,,,,,,,
,,,,,,,,,
,,,,,,,,,
,,<ul id=,block-sub,av-sp,"ce-2""",b,o,"k=""bl",ck-subna
,,<,"i class=""",av-it,m fon,-,e,ght-n,rmal tex
,,<a hr,"f=""https:",/www.,aa.go,/,p,ce/ai,space_in
,,</li>,,,,,,,
,,<li c,"ass=""nav-",tem f,nt-we,g,t,norma,text-tr
,,<a hr,"f=""https:",/www.,aa.go,/,p,ce/st,keholder
,,</li>,,,,,,,
,,<li c,"ass=""nav-",tem f,nt-we,g,t,norma,text-tr
,,<a hr,"f=""https:",/www.,aa.go,/,p,ce/co,pliance_
,,</li>,,,,,,,
,,<li c,"ass=""nav-",tem f,nt-we,g,t,norma,text-tr
,,<a hr,"f=""https:",/www.,aa.go,/,p,ce/hu,an_space
,,</li>,,,,,,,
,</ul,,,,,,,,
,,,,,,,,,
,,,,,,,,,
,,,,,,,,,
,/nav>,,,,,,,,
,,,,,,,,,
,/section>,,,,,,,,
,,,,,,,,,
,</,ection><,li><li cl,"ss=""u",timen,_,i,em ui,em has-u
,,<sectio,"class=""u",timen,__reg,o,,egion,region--
,<nav a,ia-label,"edby=""blo",k-sub,av-dr,n,s,1-men,""" id=""bl"
,,,,,,,,,
,h2 class=,"sr-only""","id=""block",subna,-dron,s,1,"menu""",Subnav:
,,,,,,,,,
,,,,,,,,,
,,,,,,,,,
,,<ul id=,block-sub,av-dr,nes-1,,l,"ck=""b",ock-subn
,,<,"i class=""",av-it,m fon,-,e,ght-n,rmal tex
,,<a hr,"f=""https:",/www.,aa.go,/,a,/adva,ced_oper
,,</li>,,,,,,,
,,<li c,"ass=""nav-",tem f,nt-we,g,t,norma,text-tr
,,<a hr,"f=""https:",/www.,aa.go,/,a,/comm,rcial_op
,,</li>,,,,,,,
,,<li c,"ass=""nav-",tem f,nt-we,g,t,norma,text-tr
,,<a hr,"f=""https:",/www.,aa.go,/,a,/cont,"ct_us/"""
,,</li>,,,,,,,
,,<li c,"ass=""nav-",tem f,nt-we,g,t,norma,text-tr
,,<a hr,"f=""https:",/www.,aa.go,/,a,/crit,cal_infr
,,</li>,,,,,,,
,,<li c,"ass=""nav-",tem f,nt-we,g,t,norma,text-tr
,,<a hr,"f=""https:",/www.,aa.go,/,a,/even,"s"" class"
,,</li>,,,,,,,
,,<li c,"ass=""nav-",tem f,nt-we,g,t,norma,text-tr
,,<a hr,"f=""https:",/www.,aa.go,/,a,/educ,tional_u
,,</li>,,,,,,,
,,<li c,"ass=""nav-",tem f,nt-we,g,t,norma,text-tr
,,<a hr,"f=""https:",/www.,aa.go,/,a,/espa,ol/para_
,,</li>,,,,,,,
,</ul,,,,,,,,
,,,,,,,,,
,,,,,,,,,
,,,,,,,,,
,/nav>,,,,,,,,
,nav aria-,abelledb,"=""block-s",bnav-,rones,2,m,"nu"" i","=""block-"
,,,,,,,,,
,h2 class=,"sr-only""","id=""block",subna,-dron,s,2,"menu""",Subnav:
,,,,,,,,,
,,,,,,,,,
,,,,,,,,,
,,<ul id=,block-sub,av-dr,nes-2,,l,"ck=""b",ock-subn
,,<,"i class=""",av-it,m fon,-,e,ght-n,rmal tex
,,<a hr,"f=""https:",/www.,aa.go,/,a,/gett,ng_start
,,</li>,,,,,,,
,,<li c,"ass=""nav-",tem f,nt-we,g,t,norma,text-tr
,,<a hr,"f=""https:",/www.,aa.go,/,a,/publ,c_safety
,,</li>,,,,,,,
,,<li c,"ass=""nav-",tem f,nt-we,g,t,norma,text-tr
,,<a hr,"f=""https:",/www.,aa.go,/,a,/prog,ams_part
,,</li>,,,,,,,
,,<li c,"ass=""nav-",tem f,nt-we,g,t,norma,text-tr
,,<a hr,"f=""https:",/www.,aa.go,/,a,/recr,ational_
,,</li>,,,,,,,
,,<li c,"ass=""nav-",tem f,nt-we,g,t,norma,text-tr
,,<a hr,"f=""https:",/www.,aa.go,/,a,/reso,"rces/"" c"
,,</li>,,,,,,,
,,<li c,"ass=""nav-",tem f,nt-we,g,t,norma,text-tr
,,<a hr,"f=""https:",/www.,aa.go,/,a,/rese,rch_deve
,,</li>,,,,,,,
,</ul,,,,,,,,
,,,,,,,,,
,,,,,,,,,
,,,,,,,,,
,/nav>,,,,,,,,
,,,,,,,,,
,/section>,,,,,,,,
,,,,,,,,,
,</,ection><,li></ul><,utton,data-,l,i,enu-b,"tton=""#u"
,/nav>,,,,,,,,
,,,,,,,,,
,,,,,,,,,
,,,/div>,,,,,,
,,,,,,,,,
,,<d,"v class=""",ubmen,col-,2,o,der-2,"role=""c"
,,,<!-- This,block,where,t,e,subme,u is loc
,,<,div>,,,,,,
,,,,,,,,,
,,</di,>,,,,,,
,,</div>,,,,,,,
,,,,,,,,,
,<,div>,,,,,,,
,,,,,,,,,
,</d,v>,,,,,,,
,,,,,,,,,
,,,,,,,,,
,</nav>,,,,,,,,
,,,,,,,,,
,,,,,,,,,
,/div>,,,,,,,,
</,eader></d,v></div>,/div>,,,,,,
<,iv class=,template,ontainer,lear,efaul,"""",,,
,"main id=""",ainColum,""" class=""",ainCo,umn c,e,r,>,
,,,,,,,,,
,,,,,,,,,
,nav class,"""breadcr","mbs"" aria",label,"""brea",c,u,"bs"">",
,"<a href=""","""><abbr>",AA</abbr>,Home<,a>,,,,
,,,,,,,,,
,,,,,,,,,
,,,,,,,,,
,<span ar,a-hidden,"""true"">&#",25b8;,/span,,,,
,,,,,,,,,
,,,,,,,,,
,,,,,,,,,
,<a href,"""/air_tr","ffic/"">Ai",Traf,ic</a,,,,
,,,,,,,,,
,<span ar,a-hidden,"""true"">&#",25b8;,/span,,,,
,,,,,,,,,
,,,,,,,,,
,,,,,,,,,
,<a href,"""/air_tr",ffic/flig,t_inf,"/"">Fl",g,t,Infor,ation</a
,,,,,,,,,
,<span ar,a-hidden,"""true"">&#",25b8;,/span,,,,
,,,,,,,,,
,,,,,,,,,
,,,,,,,,,
,<a href,"""/air_tr",ffic/flig,t_inf,/aero,a,/,>Aero,autical
,,,,,,,,,
,<span ar,a-hidden,"""true"">&#",25b8;,/span,,,,
,,,,,,,,,
,,,,,,,,,
,,,,,,,,,
,<a href,"""/air_tr",ffic/flig,t_inf,/aero,a,/,igita,_product
,,,,,,,,,
,<span ar,a-hidden,"""true"">&#",25b8;,/span,,,,
,,,,,,,,,
,,,,,,,,,
,Digital,bstacle,ile,,,,,,
,/nav>,,,,,,,,
,,,,,,,,,
,,,,,,,,,
,<hgroup,"lass=""hG","oup"">",,,,,,
,<h1 cla,"s=""pageT","tle"">Digi",al Ob,tacle,F,l,(<ab,r>DOF</a
,,,,,,,,,
,</hgroup,,,,,,,,
,,,,,,,,,
,,,,,,,,,
,aside cla,"s=""pageT",olsContai,"er"">",,,,,
,<ul class,"""pageToo","s"">",,,,,,
,,,,,,,,,
,,,,,,,,,
,<li cla,"s=""subsc","ibe""><a h","ef=""h",tps:/,p,b,ic.go,delivery
,<img s,"c=""/temp",ates/6/as,ets/i,g/cha,k,o,k/mai,_add_cus
,</a></l,>,,,,,,,
,,,,,,,,,
,,,,,,,,,
,<li clas,"=""share""","<a href=""",news/,tay_c,n,e,"ted/""",
,<svg ar,a-labell,"dby=""shar","ID"" r","le=""i",g,,iewBo,"=""0 0 98"
,<span c,"ass=""vis",allyHidde,""">Sha",e</sp,n,,,
,</a></li,,,,,,,,
,,,,,,,,,
,<li clas,"=""print""",<button t,"pe=""b","tton""",,,,
,<img sr,"=""/templ",tes/6/ass,ts/im,/chal,w,r,/prin,"er.svg"""
,</button,</li>,,,,,,,
,</ul>,,,,,,,,
,,,,,,,,,
,<ul class,"""shareGr",up hidden,>,,,,,
,,,,,,,,,
,,,,,,,,,
,<li clas,"=""facebo","k""><a  hr","f=""/e",it/?i,=,L,KZYBF,MeA4ZCox
,<svg ar,a-labell,"dby=""face",ookID,role,"""",m,""" vie","Box=""0 0"
,Share <,pan clas,"=""visuall",Hidde,""">on",a,e,ook</,pan>
,</a></li,,,,,,,,
,,,,,,,,,
,<li clas,"=""twitte","""><a  hre","=""/ex",t/?id,g,I,ZYBFo,eA4ZCoxT
,<svg ar,a-labell,"dby=""twit","erID""",role=,i,g,view,"ox=""0 0"
,Tweet <,pan clas,"=""visuall",Hidde,""">on",w,t,er</s,an>
,</a></li,,,,,,,,
,</ul>,,,,,,,,
,/aside>,,,,,,,,
,,,,,,,,,
,,,,,,,,,
,<!--PAGEW,TCH-->,,,,,,,
,,,,,,,,,
,,,,,,,,,
,<article,"d=""conte","t"" class=",conte,"t"">",,,,
,,,,,,,,,
,,,,,,,,,
<p,<b>The Di,ital Obs,acle File,/b> (,pdate,,v,ry 56,days) de
,,,,,,,,,
<p,To downlo,d a file,right-cl,"ck, t",en se,e,t,"""Save","/ ""Save"
,,,,,,,,,
<p,<b>New</b,- Pleas,note tha,all,ormal,r,l,ase d,tes have
,,,,,,,,,
<t,ble>,,,,,,,,
<,aption>Di,ital Obs,acle File,</cap,ion>,,,,
<,head>,,,,,,,,
,tr>,,,,,,,,
,<th scope,"""col"">Pr",duct</th>,,,,,,
,<th scope,"""col"">Re",lects Cha,ges F,om</t,>,,,
,<th scope,"""col"">Re",lects Cha,ges T,</th>,,,,
,<th scope,"""col"">Re",ease Date,/th>,,,,,
,/tr>,,,,,,,,
<,thead>,,,,,,,,
<,body>,,,,,,,,
,tr><td><c,output><,"href=""ht",ps://,erona,.,a,.gov/,bst_Data
,,,,,,,,,
,,tr><td>D,F (Next)<,td><t,> Oct,b,r,"27, 2",25 </td>
<,tbody>,,,,,,,,
</,able>,,,,,,,,
,,,,,,,,,
<p,"<a href=""",air_traf,ic/flight,info/,erona,/,b,t_dat,/doffaqs
,,,,,,,,,
<p,For addit,onal inf,rmation r,ad <a,href=,m,d,a/DOF,README_0
,,,,,,,,,
,,,,,,,,,
,<footer>,,,,,,,,
,,,,,,,,,
,<p><sm,ll>Page,ast modif,ed: <,ime d,t,t,"me=""2",21-02-08
,,,,,,,,,
,</footer,,,,,,,,
,</article,,,,,,,,
,,,,,,,,,
,,,,,,,,,
,,,,,,,,,
,<aside i,"=""rightS","debar"" cl","ss=""r",ghtSi,e,a,cont,"nt"">"
,,,,,,,,,
,section c,"ass=""pod",>,,,,,,
,<h2>Top T,sks</h2>,,,,,,,
,<ul>,,,,,,,,
,,,,,,,,,
<l,><a href=,/air_tra,fic/fligh,_info,aeron,v,s,fety_,"lerts/"">"
<l,><a href=,https://,otams.aim,faa.g,v/not,m,e,"rch/""",Search <
<l,><a href=,/air_tra,fic/fligh,_info,aeron,v,p,int_p,oviders/
<l,><a href=,/air_tra,fic/fligh,_info,aeron,v,d,gital,products
<l,><a href=,/air_tra,fic/fligh,_info,aeron,v,a,ro_da,"a/"">Revi"
<l,><a href=,/air_tra,fic/fligh,_info,aeron,v,p,ocedu,"es/"">Sea"
,,,,,,,,,
,</ul>,,,,,,,,
,/section>,,,,,,,,
,,,,,,,,,
<a,"class=""te","t aero""","ref=""/dat","/"">",,,,,
<,pan>Explo,e the <b,FAA Data,ortal,"/b>,<",r,y,ur ce,tral loc
</,>,,,,,,,,
,,,,,,,,,
<d,"v class=""","od alt"">",,,,,,,
<,2>Contact,Us</h2>,,,,,,,
,,,,,,,,,
<,l>,,,,,,,,
,li><a hre,"=""/air_t",affic/fli,ht_in,o/aer,n,v,aero_,ata/Aero
,li><a hre,"=""https:",/nfdc.faa,gov/n,dcApp,/,u,lic/#,lightOut
<,ul>,,,,,,,,
</,iv>,,,,,,,,
,,,,,,,,,
,</aside>,,,,,,,,
,,,,,,,,,
,,,,,,,,,
,<!--/PAGE,ATCH-->,,,,,,,
,/main>,,,,,,,,
,,,,,,,,,
,,,,,,,,,
,"nav id=""v","av"" clas","=""vNav""><",l><li,<a hr,f,"""",air_t,affic/fl
<,div>,,,,,,,,
<,ooter cla,"s=""site-","ooter"">",,,,,,
,,,,,,,,,
,div class,"""site-fo","ter__top""",,,,,,
,<div cla,"s=""conta","ner"">",,,,,,
,<div c,"ass=""row",>,,,,,,
,<div,"class=""c",l-12 col-,l-3 p,-5 pb,x,-,orde,"-first"">"
,,section,"lass=""reg",on re,ion-f,o,e,-top-,"irst"">"
,<div id=,block-fa,footeradd,"ess""",lass=,b,o,k blo,k-fixed-
,,,,,,,,,
,,,,,,,,,
,<div c,"ass=""con","ent"">",,,,,,
,,,,,,,,,
,,div clas,"=""clearfi",text,forma,t,d,field,field--n
,,,,,,,,,
<p,Federal A,iation A,ministrat,on<br,,,,,
80,Independ,nce Aven,"e, SW<br>",,,,,,
Wa,"hington,",C 20591<,r>,,,,,,
86,.835.5322,(866-TEL,-FAA)<br>,,,,,,
<a,"class=""te","t-white""","href=""htt",s://w,w.faa,g,v,conta,"t"">Conta"
</,iv>,,,,,,,,
,,,,,,,,,
,</div>,,,,,,,,
,/div>,,,,,,,,
,,,,,,,,,
,/section>,,,,,,,,
,,,,,,,,,
,</di,>,,,,,,,
,<nav,"class=""c",l-12 col-,m-6 c,l-xl,b,5,pb-lg,0 order-
,,div clas,"=""region",egion,foote,-,o,-seco,"d"">"
,<nav a,ia-label,"edby=""blo",k-get,mport,n,i,fodat,"-menu"" i"
,,,,,,,,,
,"h2 id=""bl",ck-getim,ortantinf,data-,"enu"">",e,,mport,nt Info/
,,,,,,,,,
,,,,,,,,,
,,,,,,,,,
,,<ul id=,block-get,mport,ntinf,d,t,""" blo","k=""block"
,,<,"i class=""",av-it,"m"">",,,,
,,<a hr,"f=""https:",/www.,aa.go,/,a,a_res,arch/acc
,,</li>,,,,,,,
,,<li c,"ass=""nav-","tem"">",,,,,
,,<a hr,"f=""https:",/adip,faa.g,v,a,is/pu,lic/#/pu
,,</li>,,,,,,,
,,<li c,"ass=""nav-","tem"">",,,,,
,,<a hr,"f=""https:",/www.,aa.go,/,i,_traf,ic/fligh
,,</li>,,,,,,,
,,<li c,"ass=""nav-","tem"">",,,,,
,,<a hr,"f=""https:",/nass,atus.,a,.,"ov/""","lass=""na"
,,</li>,,,,,,,
,,<li c,"ass=""nav-","tem"">",,,,,
,,<a hr,"f=""https:",/drs.,aa.go,/,r,"wse""","lass=""na"
,,</li>,,,,,,,
,,<li c,"ass=""nav-","tem"">",,,,,
,,<a hr,"f=""https:",/drs.,aa.go,/,r,"wse""","lass=""na"
,,</li>,,,,,,,
,</ul,,,,,,,,
,,,,,,,,,
,,,,,,,,,
,,,,,,,,,
,/nav>,,,,,,,,
,,,,,,,,,
,/div>,,,,,,,,
,,,,,,,,,
,</na,>,,,,,,,
,<nav,"class=""c",l-12 col-,m-6 c,l-xl,b,5,pb-xl,0 order-
,,div clas,"=""region",egion,foote,-,o,-thir,""">"
,<nav a,ia-label,"edby=""blo",k-rev,ewdoc,m,n,s-men,""" id=""bl"
,,,,,,,,,
,"h2 id=""bl",ck-revie,documents,"menu""",Revie,,o,ument,</h2>
,,,,,,,,,
,,,,,,,,,
,,,,,,,,,
,,<ul id=,block-rev,ewdoc,ments,,l,"ck=""b",ock-revi
,,<,"i class=""",av-it,"m"">",,,,
,,<a hr,"f=""https:",/www.,aa.go,/,e,ulati,ns_polic
,,</li>,,,,,,,
,,<li c,"ass=""nav-","tem"">",,,,,
,,<a hr,"f=""https:",/www.,aa.go,/,i,ports,runway_s
,,</li>,,,,,,,
,,<li c,"ass=""nav-","tem"">",,,,,
,,<a hr,"f=""https:",/www.,aa.go,/,e,ulati,ns_polic
,,</li>,,,,,,,
,,<li c,"ass=""nav-","tem"">",,,,,
,,<a hr,"f=""https:",/www.,aa.go,/,e,ulati,ns_polic
,,</li>,,,,,,,
,,<li c,"ass=""nav-","tem"">",,,,,
,,<a hr,"f=""https:",/www.,aa.go,/,u,dance,""" class="
,,</li>,,,,,,,
,,<li c,"ass=""nav-","tem"">",,,,,
,,<a hr,"f=""https:",/www.,aa.go,/,b,ut/pl,ns_repor
,,</li>,,,,,,,
,</ul,,,,,,,,
,,,,,,,,,
,,,,,,,,,
,,,,,,,,,
,/nav>,,,,,,,,
,,,,,,,,,
,/div>,,,,,,,,
,,,,,,,,,
,</na,>,,,,,,,
,<nav,"class=""c",l-12 col-,m-6 c,l-xl,b,5,pb-xl,0 order-
,,div clas,"=""region",egion,foote,-,o,-four,"h"">"
,<nav a,ia-label,"edby=""blo",k-lea,nabou,n,x,gen-m,"nu"" id="""
,,,,,,,,,
,"h2 id=""bl",ck-learn,boutnextg,n-men,""">Lea",n,A,out N,xtGen</h
,,,,,,,,,
,,,,,,,,,
,,,,,,,,,
,,<ul id=,block-lea,nabou,nextg,n,,lock=,block-le
,,<,"i class=""",av-it,"m"">",,,,
,,<a hr,"f=""https:",/www.,aa.go,/,e,"tgen""","class=""n"
,,</li>,,,,,,,
,,<li c,"ass=""nav-","tem"">",,,,,
,,<a hr,"f=""https:",/www.,aa.go,/,e,tgen/,"oday"" cl"
,,</li>,,,,,,,
,,<li c,"ass=""nav-","tem"">",,,,,
,,<a hr,"f=""https:",/www.,aa.go,/,e,tgen/,"rograms"""
,,</li>,,,,,,,
,,<li c,"ass=""nav-","tem"">",,,,,
,,<a hr,"f=""https:",/www.,aa.go,/,e,tgen/,eporting
,,</li>,,,,,,,
,</ul,,,,,,,,
,,,,,,,,,
,,,,,,,,,
,,,,,,,,,
,/nav>,,,,,,,,
,,,,,,,,,
,/div>,,,,,,,,
,,,,,,,,,
,</na,>,,,,,,,
,<nav,"class=""c",l-12 col-,m-6 c,l-xl,b,5,pb-xl,0 order-
,,div clas,"=""region",egion,foote,-,o,-fift,""">"
,<nav a,ia-label,"edby=""blo",k-vis,tothe,f,a,ites-,"enu"" id="
,,,,,,,,,
,"h2 id=""bl",ck-visit,therfaasi,es-me,"u"">Vi",i,,ther,AA Sites
,,,,,,,,,
,,,,,,,,,
,,,,,,,,,
,,<ul id=,block-vis,tothe,faasi,e,"""",block,"""block-v"
,,<,"i class=""",av-it,"m"">",,,,
,,<a hr,"f=""https:",/amsr,s.reg,s,r,.faa.,ov/airme
,,</li>,,,,,,,
,,<li c,"ass=""nav-","tem"">",,,,,
,,<a hr,"f=""https:",/amsr,s.reg,s,r,.faa.,ov/amsrv
,,</li>,,,,,,,
,,<li c,"ass=""nav-","tem"">",,,,,
,,<a hr,"f=""https:",/regi,try.f,a,g,v/air,raftinqu
,,</li>,,,,,,,
,,<li c,"ass=""nav-","tem"">",,,,,
,,<a hr,"f=""https:",/www.,aa.go,/,o,"ile/""","class=""n"
,,</li>,,,,,,,
,,<li c,"ass=""nav-","tem"">",,,,,
,,<a hr,"f=""https:",/www.,aa.go,/,a,steam,"class="""
,,</li>,,,,,,,
,,<li c,"ass=""nav-","tem"">",,,,,
,,<a hr,"f=""https:",/www.,aa.go,/,a,""" cla","s=""nav-l"
,,</li>,,,,,,,
,</ul,,,,,,,,
,,,,,,,,,
,,,,,,,,,
,,,,,,,,,
,/nav>,,,,,,,,
,,,,,,,,,
,/div>,,,,,,,,
,,,,,,,,,
,</na,>,,,,,,,
,</div>,,,,,,,,
,</div>,,,,,,,,
,/div>,,,,,,,,
,,,,,,,,,
,div class,"""site-fo",ter__bott,"m"">",,,,,
,<div cla,"s=""conta","ner"">",,,,,,
,<div c,"ass=""row",>,,,,,,
,<nav,"class=""c",l-12 col-,d-6 c,l-xl-,,i,e-foo,er__poli
,,div clas,"=""region",egion,foote,-,o,tom-f,"rst"">"
,<nav a,ia-label,"edby=""blo",k-pol,ciesr,g,t,legal,"menu"" id"
,,,,,,,,,
,"h2 id=""bl",ck-polic,esrightsl,gal-m,"nu"">P",l,c,"es, R",ghts &am
,,,,,,,,,
,,,,,,,,,
,,,,,,,,,
,,<ul id=,block-pol,ciesr,ghtsl,g,l,bloc,"=""block-"
,,<,"i class=""",av-it,m fon,-,e,ght-n,rmal tex
,,<a hr,"f=""https:",/www.,ransp,r,a,ion.g,"v/about"""
,,</li>,,,,,,,
,,<li c,"ass=""nav-",tem f,nt-we,g,t,norma,text-tr
,,<a hr,"f=""https:",/www.,ransp,r,a,ion.g,v/budget
,,</li>,,,,,,,
,,<li c,"ass=""nav-",tem f,nt-we,g,t,norma,text-tr
,,<a hr,"f=""https:",/www.,ivilr,g,t,.dot.,"ov/"" cla"
,,</li>,,,,,,,
,,<li c,"ass=""nav-",tem f,nt-we,g,t,norma,text-tr
,,<a hr,"f=""https:",/www.,aa.go,/,o,"a/"" c","ass=""nav"
,,</li>,,,,,,,
,,<li c,"ass=""nav-",tem f,nt-we,g,t,norma,text-tr
,,<a hr,"f=""https:",/www.,ransp,r,a,ion.g,v/dot-in
,,</li>,,,,,,,
,,<li c,"ass=""nav-",tem f,nt-we,g,t,norma,text-tr
,,<a hr,"f=""https:",/www.,ivilr,g,t,.dot.,ov/civil
,,</li>,,,,,,,
,,<li c,"ass=""nav-",tem f,nt-we,g,t,norma,text-tr
,,<a hr,"f=""https:",/www.,ig.do,.,o,"/"" cl","ss=""nav-"
,,</li>,,,,,,,
,,<li c,"ass=""nav-",tem f,nt-we,g,t,norma,text-tr
,,<a hr,"f=""https:",/www.,aa.go,/,r,vacy/,"class="""
,,</li>,,,,,,,
,,<li c,"ass=""nav-",tem f,nt-we,g,t,norma,text-tr
,,<a hr,"f=""https:",/www.,sa.go,"""",c,"ass=""","av-link"""
,,</li>,,,,,,,
,,<li c,"ass=""nav-",tem f,nt-we,g,t,norma,text-tr
,,<a hr,"f=""https:",/www.,aa.go,/,e,_poli,"ies/"" cl"
,,</li>,,,,,,,
,,<li c,"ass=""nav-",tem f,nt-we,g,t,norma,text-tr
,,<a hr,"f=""https:",/www.,ransp,r,a,ion.g,v/web-st
,,</li>,,,,,,,
,</ul,,,,,,,,
,,,,,,,,,
,,,,,,,,,
,,,,,,,,,
,/nav>,,,,,,,,
,,,,,,,,,
,/div>,,,,,,,,
,,,,,,,,,
,</na,>,,,,,,,
,<nav,"class=""c",l-12 col-,d-6 c,l-xl-,,-,lex p,-4 py-md
,,div clas,"=""region",egion,foote,-,o,tom-s,"cond"">"
,<div id=,block-fa,-footer-s,"cial""",class,"""",l,ck bl,ck-fixed
,,,,,,,,,
,,,,,,,,,
,<div c,"ass=""con","ent"">",,,,,,
,,,,,,,,,
,,div clas,"=""clearfi",text,forma,t,d,field,field--n
<u,"class=""n",v social,nav clear,"ix"">",,,,,
<,"i class=""",av-item,ocial-ite,"""><a","ref=""",t,p,://ww,.faceboo
<,"i class=""",av-item,ocial-ite,"""><a","ref=""",t,p,://tw,tter.com
<,"i class=""",av-item,ocial-ite,"""><a","ref=""",t,p,://ww,.instagr
<,"i class=""",av-item,ocial-ite,"""><a","ref=""",t,p,://ww,.linkedi
<,"i class=""",av-item,ocial-ite,"""><a","ref=""",t,p,://ww,.youtube
<,"i class=""",av-item,ocial-ite,"""><a","ref=""",t,p,://ww,.faa.gov
</,l>,,,,,,,,
</,av>,,,,,,,,
</,iv>,,,,,,,,
,,,,,,,,,
,</div>,,,,,,,,
,/div>,,,,,,,,
,,,,,,,,,
,/div>,,,,,,,,
,,,,,,,,,
,</na,>,,,,,,,
,</div>,,,,,,,,
,</div>,,,,,,,,
,/div>,,,,,,,,
,</footer,,,,,,,,
,,,,,,,,,
,,,,,,,,,
,,,,,,,,,
,,,,,,,,,
,,,,,,,,,
,,,,,,,,,
,,,,,,,,,
<s,ript src=,https://,ww.faa.go,/site,/faa.,o,/,iles/,s/js_Ww5
<s,ript src=,https://,dn.jsdeli,r.net,npm/j,-,o,kie@3,0.5/dist
<s,ript src=,https://,ww.faa.go,/modu,es/co,t,i,/coll,psiblock
<s,ript src=,https://,ww.faa.go,/site,/faa.,o,/,iles/,s/js_xAh
<s,ript src=,https://,ww.faa.go,/them,s/cus,o,/,ot_cm,/js/cust
<s,ript src=,https://,ww.faa.go,/site,/faa.,o,/,iles/,s/js_88t
<s,ript src=,https://,ww.faa.go,/them,s/cus,o,/,ot_cm,/js/left
<s,ript src=,https://,ww.faa.go,/site,/faa.,o,/,iles/,s/js_rR0
<s,ript src=,https://,ww.faa.go,/them,s/cus,o,/,aa/js,custom.j
<s,ript src=,https://,ww.faa.go,/site,/faa.,o,/,iles/,s/js_tSW
<s,ript src=,https://,ww.faa.go,/them,s/cus,o,/,aa/js,global.j
<s,ript src=,https://,ww.faa.go,/site,/faa.,o,/,iles/,s/js_DQi
<s,ript src=,https://,ww.faa.go,/modu,es/co,t,i,/purg,_ajax_pr
<s,ript src=,https://,ww.faa.go,/site,/faa.,o,/,iles/,s/js_uFq
,,,,,,,,,
,,,,,,,,,
,,,,,,,,,
,,,,,,,,,
,,,,,,,,,
,script sr,"=""https:",/cdnjs.cl,udfla,e.com,a,a,/libs,jquery/3
,script sr,"=""https:",/cdnjs.cl,udfla,e.com,a,a,/libs,jqueryui
,script sr,"=""/templ",tes/6/ass,ts/js,main.,s,>,/scri,t>
,,,,,,,,,
,,,,,,,,,
<,body>,,,,,,,,
,,,,,,,,,
</,tml>,,,,,,,,
